{
  "!type": "Jumbotron_bs4",
  "ChangeForm": "",
  "appearance": " btn-secondary",
  "backgroundColor": "",
  "badge": "",
  "badgeAppearance": " badge-info",
  "blockLevel": "",
  "borderColor": "",
  "borderStyle": "",
  "borderWidth": "",
  "bottom": "auto",
  "buttonValue": "Learn More",
  "cached_js": "",
  "cached_js_script_hash": "d41d8cd98f00b204e9800998ecf8427e",
  "children": [],
  "class": "",
  "color": "",
  "disabled": "",
  "display": "",
  "expanded_pmp": null,
  "fontFamily": "",
  "fontSize": "",
  "fontStyle": "",
  "fontWeight": "",
  "fullWidth": "",
  "groupStyle": "",
  "grouping": "",
  "header": "Jumbotron",
  "height": 229,
  "hidden": "",
  "icon": "",
  "iconTitle": "",
  "id": "jumboDogs",
  "left": 7,
  "mAll": "",
  "mBottom": "",
  "mLeft": "",
  "mRight": "",
  "mTop": "",
  "onclick": "",
  "onmousedown": "",
  "onmousemove": "",
  "onmouseout": "",
  "onmouseup": "",
  "onresize": "",
  "ontouchend": "",
  "ontouchmove": "",
  "ontouchstart": "",
  "outline": "",
  "pAll": "",
  "pBottom": "",
  "pLeft": "",
  "pRight": "",
  "pTop": "",
  "position": "static",
  "right": "auto",
  "script": "",
  "size": " btn-md",
  "style": "",
  "top": 228,
  "value": "This is the value",
  "width": 282
}